study_variable,velocity,Fx_N,Fy_N,FR_N,Q_m3_s,mdot_kg_s,Re,outlet_speed_m_s,diameter
velocity,0.0,0.0,0.0,0.0,0.0,0.0,0.0,0.0,
velocity,0.3333333333333333,0.034906585039886584,0.0,0.034906585039886584,0.00010471975511965977,0.10471975511965977,6666.666666666666,0.3333333333333333,
velocity,0.6666666666666666,0.13962634015954634,0.0,0.13962634015954634,0.00020943951023931953,0.20943951023931953,13333.333333333332,0.6666666666666666,
velocity,1.0,0.3141592653589793,0.0,0.3141592653589793,0.0003141592653589793,0.3141592653589793,20000.0,1.0,
velocity,1.3333333333333333,0.5585053606381853,0.0,0.5585053606381853,0.00041887902047863906,0.41887902047863906,26666.666666666664,1.3333333333333333,
velocity,1.6666666666666665,0.8726646259971647,0.0,0.8726646259971647,0.0005235987755982988,0.5235987755982988,33333.33333333333,1.6666666666666665,
velocity,2.0,1.2566370614359172,0.0,1.2566370614359172,0.0006283185307179586,0.6283185307179586,40000.0,2.0,
velocity,2.333333333333333,1.7104226669544424,0.0,1.7104226669544424,0.0007330382858376183,0.7330382858376183,46666.666666666664,2.333333333333333,
velocity,2.6666666666666665,2.2340214425527414,0.0,2.2340214425527414,0.0008377580409572781,0.8377580409572781,53333.33333333333,2.6666666666666665,
velocity,3.0,2.827433388230814,0.0,2.827433388230814,0.0009424777960769379,0.9424777960769379,60000.0,3.0,
velocity,3.333333333333333,3.4906585039886586,0.0,3.4906585039886586,0.0010471975511965976,1.0471975511965976,66666.66666666666,3.333333333333333,
velocity,3.6666666666666665,4.223696789826277,0.0,4.223696789826277,0.0011519173063162574,1.1519173063162573,73333.33333333333,3.6666666666666665,
velocity,4.0,5.026548245743669,0.0,5.026548245743669,0.0012566370614359172,1.2566370614359172,80000.0,4.0,
velocity,4.333333333333333,5.899212871740832,0.0,5.899212871740832,0.0013613568165555768,1.3613568165555767,86666.66666666666,4.333333333333333,
velocity,4.666666666666666,6.84169066781777,0.0,6.84169066781777,0.0014660765716752366,1.4660765716752366,93333.33333333333,4.666666666666666,
velocity,5.0,7.853981633974482,0.0,7.853981633974482,0.0015707963267948964,1.5707963267948963,100000.0,5.0,
velocity,5.333333333333333,8.936085770210966,0.0,8.936085770210966,0.0016755160819145562,1.6755160819145563,106666.66666666666,5.333333333333333,
velocity,5.666666666666666,10.08800307652722,0.0,10.08800307652722,0.0017802358370342158,1.7802358370342157,113333.33333333333,5.666666666666666,
velocity,6.0,11.309733552923255,0.0,11.309733552923255,0.0018849555921538759,1.8849555921538759,120000.0,6.0,
velocity,6.333333333333333,12.601277199399059,0.0,12.601277199399059,0.0019896753472735357,1.9896753472735356,126666.66666666666,6.333333333333333,
velocity,6.666666666666666,13.962634015954634,0.0,13.962634015954634,0.0020943951023931952,2.0943951023931953,133333.3333333333,6.666666666666666,
velocity,7.0,15.393804002589986,0.0,15.393804002589986,0.0021991148575128553,2.199114857512855,140000.0,7.0,
velocity,7.333333333333333,16.894787159305107,0.0,16.894787159305107,0.002303834612632515,2.3038346126325147,146666.66666666666,7.333333333333333,
velocity,7.666666666666666,18.465583486100005,0.0,18.465583486100005,0.0024085543677521744,2.4085543677521746,153333.3333333333,7.666666666666666,
velocity,8.0,20.106192982974676,0.0,20.106192982974676,0.0025132741228718345,2.5132741228718345,160000.0,8.0,
velocity,8.333333333333332,21.816615649929112,0.0,21.816615649929112,0.002617993877991494,2.617993877991494,166666.66666666666,8.333333333333332,
velocity,8.666666666666666,23.596851486963327,0.0,23.596851486963327,0.0027227136331111536,2.7227136331111534,173333.3333333333,8.666666666666666,
velocity,9.0,25.446900494077326,0.0,25.446900494077326,0.0028274333882308137,2.827433388230814,180000.0,9.0,
velocity,9.333333333333332,27.36676267127108,0.0,27.36676267127108,0.0029321531433504733,2.9321531433504733,186666.66666666666,9.333333333333332,
velocity,9.666666666666666,29.35643801854462,0.0,29.35643801854462,0.0030368728984701333,3.036872898470133,193333.3333333333,9.666666666666666,
velocity,10.0,31.415926535897928,0.0,31.415926535897928,0.003141592653589793,3.1415926535897927,200000.0,10.0,
velocity,10.333333333333332,33.54522822333101,0.0,33.54522822333101,0.0032463124087094525,3.2463124087094526,206666.66666666666,10.333333333333332,
velocity,10.666666666666666,35.74434308084386,0.0,35.74434308084386,0.0033510321638291125,3.3510321638291125,213333.3333333333,10.666666666666666,
velocity,11.0,38.0132711084365,0.0,38.0132711084365,0.0034557519189487725,3.4557519189487724,220000.0,11.0,
velocity,11.333333333333332,40.35201230610888,0.0,40.35201230610888,0.0035604716740684317,3.5604716740684315,226666.66666666666,11.333333333333332,
velocity,11.666666666666666,42.76056667386107,0.0,42.76056667386107,0.0036651914291880917,3.665191429188092,233333.3333333333,11.666666666666666,
velocity,12.0,45.23893421169302,0.0,45.23893421169302,0.0037699111843077517,3.7699111843077517,240000.0,12.0,
velocity,12.333333333333332,47.78711491960473,0.0,47.78711491960473,0.0038746309394274113,3.874630939427411,246666.66666666666,12.333333333333332,
velocity,12.666666666666666,50.405108797596235,0.0,50.405108797596235,0.003979350694547071,3.979350694547071,253333.3333333333,12.666666666666666,
velocity,13.0,53.092915845667505,0.0,53.092915845667505,0.004084070449666731,4.084070449666731,260000.0,13.0,
velocity,13.333333333333332,55.85053606381854,0.0,55.85053606381854,0.0041887902047863905,4.1887902047863905,266666.6666666666,13.333333333333332,
velocity,13.666666666666666,58.67796945204936,0.0,58.67796945204936,0.0042935099599060505,4.293509959906051,273333.3333333333,13.666666666666666,
velocity,14.0,61.575216010359945,0.0,61.575216010359945,0.0043982297150257105,4.39822971502571,280000.0,14.0,
velocity,14.333333333333332,64.54227573875029,0.0,64.54227573875029,0.00450294947014537,4.50294947014537,286666.6666666666,14.333333333333332,
velocity,14.666666666666666,67.57914863722043,0.0,67.57914863722043,0.00460766922526503,4.607669225265029,293333.3333333333,14.666666666666666,
velocity,15.0,70.68583470577035,0.0,70.68583470577035,0.00471238898038469,4.71238898038469,300000.0,15.0,
velocity,15.333333333333332,73.86233394440002,0.0,73.86233394440002,0.004817108735504349,4.817108735504349,306666.6666666666,15.333333333333332,
velocity,15.666666666666666,77.10864635310946,0.0,77.10864635310946,0.004921828490624009,4.921828490624009,313333.3333333333,15.666666666666666,
velocity,16.0,80.4247719318987,0.0,80.4247719318987,0.005026548245743669,5.026548245743669,320000.0,16.0,
velocity,16.333333333333332,83.8107106807677,0.0,83.8107106807677,0.005131268000863328,5.1312680008633285,326666.6666666666,16.333333333333332,
velocity,16.666666666666664,87.26646259971645,0.0,87.26646259971645,0.005235987755982988,5.235987755982988,333333.3333333333,16.666666666666664,
velocity,17.0,90.79202768874502,0.0,90.79202768874502,0.005340707511102648,5.340707511102648,340000.0,17.0,
velocity,17.333333333333332,94.38740594785331,0.0,94.38740594785331,0.005445427266222307,5.445427266222307,346666.6666666666,17.333333333333332,
velocity,17.666666666666664,98.05259737704141,0.0,98.05259737704141,0.005550147021341967,5.550147021341967,353333.3333333333,17.666666666666664,
velocity,18.0,101.7876019763093,0.0,101.7876019763093,0.005654866776461627,5.654866776461628,360000.0,18.0,
velocity,18.333333333333332,105.59241974565693,0.0,105.59241974565693,0.005759586531581287,5.759586531581287,366666.6666666666,18.333333333333332,
velocity,18.666666666666664,109.46705068508432,0.0,109.46705068508432,0.0058643062867009465,5.864306286700947,373333.3333333333,18.666666666666664,
velocity,19.0,113.41149479459153,0.0,113.41149479459153,0.0059690260418206065,5.969026041820607,380000.0,19.0,
velocity,19.333333333333332,117.42575207417848,0.0,117.42575207417848,0.006073745796940267,6.073745796940266,386666.6666666666,19.333333333333332,
velocity,19.666666666666664,121.50982252384519,0.0,121.50982252384519,0.006178465552059926,6.178465552059926,393333.3333333333,19.666666666666664,
velocity,20.0,125.66370614359171,0.0,125.66370614359171,0.006283185307179586,6.283185307179585,400000.0,20.0,
diameter,,1.9634954084936205,0.0,1.9634954084936205,0.00019634954084936205,0.19634954084936204,50000.0,10.0,0.005
diameter,,2.5967226777328136,0.0,2.5967226777328136,0.0002596722677732813,0.25967226777328134,57500.0,10.0,0.00575
diameter,,3.3183072403542195,0.0,3.3183072403542195,0.000331830724035422,0.33183072403542196,65000.00000000001,10.0,0.006500000000000001
diameter,,4.1282490963578375,0.0,4.1282490963578375,0.0004128249096357838,0.4128249096357838,72500.0,10.0,0.00725
diameter,,5.026548245743668,0.0,5.026548245743668,0.0005026548245743669,0.5026548245743668,80000.0,10.0,0.008
diameter,,6.013204688511714,0.0,6.013204688511714,0.0006013204688511715,0.6013204688511714,87500.0,10.0,0.00875
diameter,,7.088218424661973,0.0,7.088218424661973,0.0007088218424661973,0.7088218424661973,95000.00000000001,10.0,0.009500000000000001
diameter,,8.251589454194445,0.0,8.251589454194445,0.0008251589454194444,0.8251589454194445,102500.00000000001,10.0,0.010250000000000002
diameter,,9.503317777109126,0.0,9.503317777109126,0.0009503317777109126,0.9503317777109126,110000.00000000001,10.0,0.011000000000000001
diameter,,10.843403393406021,0.0,10.843403393406021,0.001084340339340602,1.0843403393406021,117500.0,10.0,0.01175
diameter,,12.27184630308513,0.0,12.27184630308513,0.001227184630308513,1.227184630308513,125000.0,10.0,0.0125
diameter,,13.788646506146456,0.0,13.788646506146456,0.0013788646506146455,1.3788646506146456,132500.00000000003,10.0,0.013250000000000001
diameter,,15.393804002589988,0.0,15.393804002589988,0.0015393804002589988,1.5393804002589988,140000.00000000003,10.0,0.014000000000000002
diameter,,17.087318792415743,0.0,17.087318792415743,0.0017087318792415743,1.7087318792415742,147500.00000000003,10.0,0.014750000000000003
diameter,,18.8691908756237,0.0,18.8691908756237,0.00188691908756237,1.88691908756237,155000.00000000003,10.0,0.015500000000000003
diameter,,20.73942025221387,0.0,20.73942025221387,0.002073942025221387,2.073942025221387,162500.0,10.0,0.01625
diameter,,22.69800692218626,0.0,22.69800692218626,0.002269800692218626,2.269800692218626,170000.0,10.0,0.017
diameter,,24.74495088554086,0.0,24.74495088554086,0.002474495088554086,2.474495088554086,177500.00000000003,10.0,0.017750000000000002
diameter,,26.880252142277676,0.0,26.880252142277676,0.0026880252142277676,2.6880252142277676,185000.00000000003,10.0,0.018500000000000003
diameter,,29.103910692396703,0.0,29.103910692396703,0.00291039106923967,2.91039106923967,192500.00000000003,10.0,0.019250000000000003
diameter,,31.415926535897945,0.0,31.415926535897945,0.0031415926535897946,3.1415926535897944,200000.00000000003,10.0,0.020000000000000004
diameter,,33.8162996727814,0.0,33.8162996727814,0.0033816299672781397,3.3816299672781396,207500.00000000003,10.0,0.020750000000000005
diameter,,36.305030103047066,0.0,36.305030103047066,0.0036305030103047065,3.6305030103047065,215000.00000000003,10.0,0.021500000000000005
diameter,,38.88211782669493,0.0,38.88211782669493,0.003888211782669493,3.888211782669493,222500.00000000003,10.0,0.022250000000000002
diameter,,41.54756284372503,0.0,41.54756284372503,0.004154756284372503,4.154756284372503,230000.00000000003,10.0,0.023000000000000003
diameter,,44.30136515413734,0.0,44.30136515413734,0.004430136515413734,4.430136515413734,237500.00000000003,10.0,0.023750000000000004
diameter,,47.14352475793184,0.0,47.14352475793184,0.004714352475793184,4.714352475793184,245000.00000000003,10.0,0.024500000000000004
diameter,,50.07404165510857,0.0,50.07404165510857,0.005007404165510858,5.007404165510858,252500.00000000003,10.0,0.025250000000000005
diameter,,53.09291584566752,0.0,53.09291584566752,0.0053092915845667525,5.309291584566752,260000.00000000006,10.0,0.026000000000000006
diameter,,56.20014732960867,0.0,56.20014732960867,0.005620014732960867,5.6200147329608665,267500.00000000006,10.0,0.026750000000000003
diameter,,59.395736106932034,0.0,59.395736106932034,0.0059395736106932035,5.939573610693204,275000.00000000006,10.0,0.027500000000000004
diameter,,62.67968217763763,0.0,62.67968217763763,0.006267968217763763,6.267968217763763,282500.00000000006,10.0,0.028250000000000004
diameter,,66.05198554172543,0.0,66.05198554172543,0.0066051985541725425,6.605198554172542,290000.00000000006,10.0,0.029000000000000005
diameter,,69.51264619919543,0.0,69.51264619919543,0.006951264619919543,6.951264619919543,297500.00000000006,10.0,0.029750000000000006
diameter,,73.06166415004766,0.0,73.06166415004766,0.007306166415004766,7.306166415004766,305000.00000000006,10.0,0.030500000000000006
diameter,,76.6990393942821,0.0,76.6990393942821,0.007669903939428209,7.66990393942821,312500.00000000006,10.0,0.03125000000000001
diameter,,80.42477193189869,0.0,80.42477193189869,0.00804247719318987,8.04247719318987,320000.0,10.0,0.032
diameter,,84.23886176289757,0.0,84.23886176289757,0.008423886176289757,8.423886176289757,327500.0,10.0,0.03275
diameter,,88.14130888727865,0.0,88.14130888727865,0.008814130888727865,8.814130888727865,335000.0,10.0,0.0335
diameter,,92.13211330504194,0.0,92.13211330504194,0.009213211330504194,9.213211330504194,342500.0,10.0,0.03425
diameter,,96.21127501618743,0.0,96.21127501618743,0.009621127501618743,9.621127501618743,350000.0,10.0,0.035
diameter,,100.37879402071513,0.0,100.37879402071513,0.010037879402071515,10.037879402071514,357500.00000000006,10.0,0.035750000000000004
diameter,,104.63467031862507,0.0,104.63467031862507,0.010463467031862506,10.463467031862507,365000.00000000006,10.0,0.036500000000000005
diameter,,108.97890390991722,0.0,108.97890390991722,0.010897890390991722,10.897890390991723,372500.00000000006,10.0,0.037250000000000005
diameter,,113.41149479459156,0.0,113.41149479459156,0.011341149479459156,11.341149479459157,380000.00000000006,10.0,0.038000000000000006
diameter,,117.93244297264809,0.0,117.93244297264809,0.01179324429726481,11.79324429726481,387500.0,10.0,0.03875
diameter,,122.54174844408686,0.0,122.54174844408686,0.012254174844408687,12.254174844408686,395000.0,10.0,0.0395
diameter,,127.23941120890787,0.0,127.23941120890787,0.012723941120890788,12.723941120890787,402500.0,10.0,0.04025
diameter,,132.0254312671111,0.0,132.0254312671111,0.013202543126711107,13.202543126711108,410000.0,10.0,0.041
diameter,,136.8998086186965,0.0,136.8998086186965,0.01368998086186965,13.68998086186965,417500.0,10.0,0.04175
diameter,,141.86254326366412,0.0,141.86254326366412,0.014186254326366414,14.186254326366413,425000.0,10.0,0.0425
diameter,,146.91363520201395,0.0,146.91363520201395,0.014691363520201397,14.691363520201396,432500.00000000006,10.0,0.043250000000000004
diameter,,152.05308443374602,0.0,152.05308443374602,0.015205308443374602,15.205308443374602,440000.00000000006,10.0,0.044000000000000004
diameter,,157.28089095886028,0.0,157.28089095886028,0.01572808909588603,15.728089095886029,447500.00000000006,10.0,0.044750000000000005
diameter,,162.59705477735676,0.0,162.59705477735676,0.016259705477735677,16.259705477735675,455000.00000000006,10.0,0.045500000000000006
diameter,,168.00157588923548,0.0,168.00157588923548,0.01680015758892355,16.800157588923547,462500.00000000006,10.0,0.046250000000000006
diameter,,173.4944542944964,0.0,173.4944542944964,0.017349445429449637,17.349445429449638,470000.00000000006,10.0,0.04700000000000001
diameter,,179.0756899931395,0.0,179.0756899931395,0.01790756899931395,17.90756899931395,477500.00000000006,10.0,0.04775000000000001
diameter,,184.74528298516478,0.0,184.74528298516478,0.01847452829851648,18.47452829851648,485000.0,10.0,0.0485
diameter,,190.5032332705723,0.0,190.5032332705723,0.019050323327057233,19.05032332705723,492500.0,10.0,0.04925
diameter,,196.34954084936209,0.0,196.34954084936209,0.019634954084936207,19.634954084936208,500000.0,10.0,0.05
